title	newtitle
Uformell kjole med blomster og gresstrykk	Uformell kjole med blomster- og gresstrykk
Uformell lang kjole med falne løv-trykk	Uformell lang kjole med fallne løvtrykk
Todelt sett med rund hals med blomstertrykk	Blomstertrykket todelte sett med rund hals
Langermet kjole med diagonal hals	Langermet kjole - diagonal hals
Langkjole for kvinner maxikjole	Maxikjole - langkjole for kvinner
Kjole med 3/4-ermer med geometrisk trykk	Kjole med geometrisk trykk, 3/4-ermer
Printet kjole med lange ermer	Kjole med lange ermer
Uformell langermet kjole med glidelås	Langermet kjole - Uformell med glidelås
Stilig V-hals kjole med geometrisk mønster	Stilig V-hals kjole med geometrisk mønster
Trykt v-hals slitt kjole	Trykt V-hals slitt kjole
Kjole med v-hals i leopard	Leopard kjole med V-hals
V nakkefarga samlet halvhylse kjole	V-nakkefarget samlet halvhylsekjole
Ermeløs ensfarget knelang kjole	Knelang ensfarget ermeløs kjole
Elegant kjole med leopardprint	Elegant kjole med leopardprint
Kortermet kjole med v-hals	Kort kjole med korte ermer og v-hals
T-skjortekjole i ensfarget med kortermet	Ensfarget t-skjortekjole med kortermet
Color block mote ermeløs kjole	Ermeløs kjole med fargeblokkering
Løs skull Print Maxikjole	Maxikjole med Løs Skull Print
Glidelås topp med fargeblokktrykk	Glidelås topp med fargeblokktrykk
Midjekjole med fargerik trykk	Fargerikt trykk midjekjole
Printet langermet casual maxikjole	Langermet casual maxikjole med print
Langermet mote-topp med trykk	Mote-topp med trykk, langermet
Langermet topp med blondepanel	Langermet topp med blondepanel
Skiftkjole med rund hals	Skiftkjole-rund hals
Blomstret bluse med blondeermer	Blomstret bluse med blondeerm
V-hals stripete print kjole	V-hals stripet printkjole
Langermet kjole med trykt jakkeslag	Langermet kjole med trykt jakkeslag
Langermet topp med Ombre-trykk og utskjæring	Langermet topp med ombre-trykk og utskjæring
Blondekjole i panel med korte ermer	Blondekjo-le i panel - korte ermer
Elegant damebluse med V-hals	Elegant V-hals damebluse
Button-down kortermet topp med rund hals	Kortermet topp med rund hals - Button-down
Uformell kjole med volanger i trykk	Uformell-kjole-med-volanger-trykk
Trykt langermet kjole med rund hals	Trykt langermet kjole med rund hals
Ensfarget topp med rund hals med paljettpanel	Ensfarget topp med paljettpanel og rund hals
Elegant lang kjole med V-hals i trykk	Elegant lang kjole med V-hals trykk
Fargerik trykk v-hals kjole	Fargerik trykket V-hals kjole
Topp med snøring med hettegense	Topp med snøring og hette
Enkel ensfarget langermet Genser	Enkel ensfarget langermet genser
Langermet topp med sommerfugltrykk	Langermet topp med sommerfugltrykk
Topp med lappeteppe og paljetter og volanger	Topp med lappeteppe, paljetter og volanger
Ensfarget fritidskjole med splitt	Ensfarget fritidskjole med splitt
Solidfarge knapp tilbake kjole	Solid farge-knappet tilbake kjole
V-hals trykt elegant kjole	V-hals, trykt, elegant kjole
T-skjorte med v-hals i gradient-trykk	T-skjorte med V-hals og gradienttrykk
Langermet lang kjole i motetrykk	Langermet lang kjole i motetrykk
Blondebluse med off shoulder erme	Off shoulder blondebluse med ermer
Bluse i moteprint med splitt erme	Bluse i moteprint med splittet erme
Uformell ensfarget topp for kvinner	Ensfarget uformell topp for kvinner
Kjole med fargetrykk	Fargetrykk kjole
Trykt kjole med samler	Trykt kjole med samler
Rund halskjole med lommer	Rund halskjole med lommer
Topp med snøring med geometrisk trykk	Topp med snøring og geometrisk trykk
Topp med rund hals og knapper	Topp med rund hals og knapper
Trykket 3/4-ermet skjortekjole	Trykket 3/4-ermet skjortekjole
Uformell lappeteppe langermet kjole	Uformell langermet kjole i lappeteppe-stil
Enkel kjole med v-hals med geometrisk trykk	Enkel kjole med v-hals og geometrisk trykk
Ensfarget topp med blonde ermer	Ensfarget topp med blondeermer
Elegante øs v-halset bluse	Elegant øs v-halset bluse
Ensfarget casual kjole med jakkeslag	Casual kjole med ensfarget design og jakkeslag
Bluse med V-hals i blomsterprint	Bluse med blomsterprint, V-hals
Runde nakke lappeteppe kjole	Runde nakkelappeteppekjole
V-hals topp med pufferme	Topp med V-hals og puff-ermer
Pakk kjole med ensfarge	Ensfarget pakk-kjole
T-skjorte med V-hals og knapp	T-skjorte med V-hals og knapp
V-hals Topp med 3/4 Erme og Knapper på Ryggen	V-hals Topp med 3/4 Erme og Knapper på Ryggen
Strekkbar kjole med blomstertrykk	Strekkbar kjole med blomstertrykk
Langermet topp med ansiktstrykk	Langermet topp med ansiktstrykk
Uformell lappeteppe med ruffles	Uformell lappeteppe med ruffles
Kjole med klokkeerm med kontrasttrykk	Klokkeermet kjole med kontrasttrykk
Kortermet bluse med rund hals	Bluse med rund hals og korte ermer
Motekjole med jakkeslag	Motekjole med jakkeslag
Kort kjole med v-hals med motetrykk	Kort kjole med V-hals og motetrykk
Topp med hjerteprint og V-hals	Topp med hjerteprint og V-hals
Ensfarget topp med lange ermer og rund hals	Ensfarget topp med lange ermer og rund hals
Off shoulder bluse i ensfarget	Ensfarget off shoulder bluse
Fasjonabel løs kjole	Fasjonabel løs-kjole
Blondekjole med v-hals	Blondekjole med V-hals
Trykt bluse med V-hals og korte ermer med blonder	Trykt bluse - V-hals - korte ermer med blonder
Lang Kjole Med Rund Hals Og Splitt	Langkjole med rund hals og splitt
Avslappet topp med lange ermer i kontrastfarge	Avslappet topp med lange ermer i kontrastfarge
Vintage elegant kjole med leopardprint	Elegant vintage kjole med leopardprint
Langermet trykt topp med U-hals	Langermet trykket topp med U-hals
Uformell skjorte med standkrage med leopard-trykk	Uformell skjorte med leopardmønster og standkrage
Langermet topp med rund hals	Langermet topp med rund hals
Ensfarget skjortekjole med knapp	Ensfarget skjortekjole med knapp
Print Kortermet skjortekjole	Kortermet skjortekjole
Kjole med retrotrykk og v-hals	Retrotrykk kjole - V-hals
V-hals kortermet bluse	V-hals kortermet bluse
Casual Kjole Med Firkantet Hals Lanterne Erme	Casual kjole med firkantet hals og lanterne-ermer
Uformell bluse med v-hals i ensfarget med knapp	Uformell bluse med V-hals, ensfarget, knapp
Langermet topp med panel i bølgemønster	Langermet topp med bølgemønster
Elegant kjole med V-hals med blomstertrykk	Elegant kjole med V-hals, blomstertrykk
Langermet bluse i ensfarget	Ensfaarget langermet bluse
Casual kjole i fargeblokk lomme	Casual kjole i fargeblokk m/lomme
Panelbluse med firkantet hals i ensfarget	Ensartet panelbluse med firkantet hals
Polka Dot Langermet Kjole	Langermet Polka Dot Kjole
Kjole med v-hals i geometrisk mønster	Geometrisk mønstret kjole med V-hals
Behagelig topp med korte ermer	Behagelig topp med korte ermer
Hjertemønster bluse med blondermer med glidelås	Hjertemønster-bluse med blondermer og glidelås
Snøfnugg kjole med rutete print	Snøfnugg kjole med rutete mønster
Uformell ensfarget kjole med lange ermer	Uformell, ensfarget kjole med lange ermer
Blondebluse i bomullslin med blomstertrykk	Blondebluse i bomullslin med blomstertrykk
Elegant skjortekjole med prikker	Elegant skjortekjole med prikker
Leopardprint kjole med rund hals	Leopardmønstret kjole med rund hals
Kortermet topp med trykk	Topp med trykk, kortermet
V-hals kortermet t-skjorte med glidelås	Kortermet V-hals t-skjorte med glidelås
Strikket topp med v-hals og blonder	Strikket topp med V-hals og blonder
V-hals printet kjole	Printet V-hals kjole
Langermet skjorte med lomme for kvinner	Langermet skjorte med lomme for kvinner
Uformell kjole med bokstavtrykk	Uformell kjole med bokstavtrykk
Elegant kjole med skrå hals og splitt	Elegant kjole med skrå hals og splitt
V-hals kortermet bluse med blomstertrykk	Kortermet bluse med blomstertrykk - V-hals
Fargerike trykt bluse med etnisk-design	Trykt fargerik bluse med etnisk design
Blomstertrykt kjole med V-hals	Blomstertrykt kjole med V-hals
Rutete bluse med v-hals og trekvart ermer	Rutete bluse med v-hals og trekvart ermer
Kjole med elegante, high-end lange ermer	Elegant kjole med high-end lange ermer
Topp med enfarget med uformelt	Enfarget uformell topp
Uformell skiftkjole med hettegenser	Uformell skiftkjole-med-hettegenser
Elegant lommekjole med rund hals	Elegant lomme-kjole med rund hals
Julekjole med rutete print	Julekjole med rutemønster
V-hals stripet topp	Stripet V-hals topp
Langermet kjole i jakkeslag	Langermet kjole med jakkeslag
Komfortabel ensfarget skjorte med lommer	Ensfarget skjorte med lommer - Komfortabel
Rynket v-hals topp i leopardmønster med kort erme	Leopardmønstret v-halstopp med kort erme
Elegant kjole med blomstertrykk	Elegant blomstertrykk kjole
Elegant kjole med v-hals i julestil	Elegant V-halskjole i julestil
Ensfarget topp med pufferme Langermet	Langermet ensfarget topp med pufferme
Løs bluse med ensfarget med langermet	Løs bluse - ensfarget, langermet
Fasjonabel Halv Turtleneck Kjole Med Lange Ermer	Halv turtleneck kjole med lange ermer
Ensfarget 3/4-ermet topp med rund hals	Ensfarget 3/4 ermet topp med rund hals
Langermet bluse med blomstertrykk	Bluse med blomsterprint, lange ermer
Fritidskjole i ensfarget lomme	Ensfarget Fritidskjole med Lomme
Elegant langermet kjole i kontrastfarge	Elegant langermet kjole i kontrastfarge
Ensfarget bluse med rynke hals	Ensfarget bluse med rynkehals
Ensfarget bluse med puffermer	Bluse med enfarge og puffermer
Casual kjole med V-hals og glidelås	Casual kjole V-hals glidelås
Printet kjole med snøring og volanger	Printet kjole med snøring og volanger
Skiftkjole med trykt V-hals	Trykt V-hals skiftkjole
Langermet Kjole Med Trykk	Trykket langermet kjole
Bluse med V-hals i stripet trykk	Stripet V-hals bluse
Stor jakkeslag strikket topp	Strikket topp med stor jakkeslag
Lang kjole med splitt i siden	Lang kjole med sidesplitt
Rund hals 2/3-ermet kjole	Kjole med rund hals og 2/3-ermer
Rundhalset hul casual topp med knapp og korte ermer	Casual topp - Rundhalset med knapp og korte ermer
Bluse med rund hals i blomsterprint med korte ermer	Bluse rund hals blomsterprint korte ermer
Elegant Kjole Med Rette Jakkeslag	Elegant kjole med rette jakkeslag
Kjole med rund hals og prikkete trykk	Rund hals kjole med prikkete trykk
Bluse med puffermer med ensfarget med plisert	Bluse med pliserte puffermer
Uformell skjorte med lange ermer og V-hals	Uformell skjorte med lange ermer og V-hals
Langermet blondetopp med V-hals	Langermet blondetopp med V-hals
Stripet lang kjole med rund hals	Lang stripet kjole med rund hals
Topp med snøfnugg trykt med firkantet hals	Snøfnugg-trykt topp med firkantet hals
Ensfarget kortermet topp med blonder	Ensfarget kortermet topp med blonder
Løynefallende kjole med leopardmønster	Leopardmønstret løynefallende kjole
Kortermet topp med blomstertrykk	Blomstertrykket kortermet topp
Hagekrage ensfarget casual topp	Casual topp - Hagekrage ensfarget
Uformell kjole med rund hals i fargeblokk	Uformell kjole - rund hals - fargeblokk
Langermet v-hals glidelås topp	Langermet v-halset glidelås topp
Ensfarget langermet topp med løs passform	Løstsittende ensfarget langermet topp
Solid bluse med lyktarm	Solid bluse med lyktarm
Volanger ermeløs kjole i ensfarget	Ermeløs volangekjole i ensfarget
Kortermet uformell kjole med trykk	Uformell kjole med trykk, kortermet
V-hals ensfarget ermeløs topp	Ermeløs topp med V-hals, ensfarget
Stripet langermet bluse med V-hals	Stripet langermet bluse med V-hals
Bluse med firkantet hals i blomsterprint med korte ermer	Bluse med firkantet hals i blomsterprint, korte ermer
Elegant ensfarget skjørt	Elegant ensfarget skjørt
Rutete bluse med v-hals	Rutete bluse med V-hals
Uformell kjole i trykk med lange ermer	Uformell kjole med trykk, lange ermer
Topp med trykt V-hals	Topp med V-hals
Uformelt topp med glidelås	Uformell topp med glidelås
Skjorte med v-hals i blonder	V-hals skjorte i blonde
T-skjorte med rund hals og trekvart ermer	T-skjorte med rund hals og 3/4 ermer
Uformell lang kjole i premium print	Lang uformell kjole i premium print
Uformelt topp med halve ermer	Uformell topp med halve ermer
Langermet genser med v-hals	Langermet genser med v-hals
Ensfarget topp med rund hals og knapper	Ensfarget topp - Rund hals og knapper
Panelskjortekjole i fargeblokk med lange ermer	Panelskjorte-kjole i fargeblokk med langermer
Kortermet bluse med V-hals	Kortermet-V-hals-bluse
Topp med v-hals med geometrisk trykk	Topp med geometrisk trykk, v-hals
Hvit blondepanel med kortermet topp	Blondepanel med kortermet hvit topp
V-hals mote print kjole	V-halsmønstret kjole
Ermeløs kjole i stripet trykk	Stripet ermelløs kjole
Stripete print fargeblokk langermet topp	Langermet topp med stripete print og fargeblokk
Langermet topp med geometrisk mønster	Langermet topp med geometrisk mønster
Juletrykk 3/4-ermet topp	Juletrykk 3/4-ermet topp
Langermet topp med rund hals og knapper	Langermet topp med rund hals - knapper
Printet kortermet uformell lang kjole	Lang, uformell kortermet kjole med print
Kortermet bluse i ensfarget med v-hals	Ensfarget kortermet bluse med V-hals
Ensfarget mote Cami-kjole	Ensfarget Cami-kjole i mote-stil
Fuchsia pull on poncho	Fuchsia-trekkes over poncho
Print dametopp	Dametopp med trykk
V-hals kjole med bølgetrykk	V-hals kjole med bølgetrykk
V-halset topp med hjerte-trykk	V-halset topp med hjertetrykk
V-hals topp med 3/4 ermer	V-hals topp med 3/4-ermer
Langermet topp med trykk	Langermet topp med trykk
Kjole med v-hals og volanger	V-hals kjole med volanger
Stripete bluse med 3/4 erme	Stripet bluse med 3/4 ermer
Paisley langermet topp	Paisley-langermet topp
Skjortekjole med stripete trykk	Skjortekjole med stripemønster
Stativkrage ensfarget løs topp	Ensfarget stativkrage løs topp
Uformelt top med firkantet hals med knapper	Uformell topp med firkantet hals og knapper
Topp med rund hals i ensfarget med halv erme	Ensfarget topp med rund hals og halv erme
Lommekjole med v-hals	Lommekjole med V-hals
Bluse med glidelås i fargeblokk	Flerfarget glidelåsbluse
Paisley Print V-hals kjole	Paisley V-hals kjole
Topp med langermet med v-hals og blonde	Langermet Topp med V-hals og Blonde
Topp med rund hals og rose-trykk	Topp med rund hals og roseprint
Høst og vinter geometrisk topp	Høst-vinter geometrisk topp
Vintage kjole med print	Vintage-kjole med print
Vinrød paljettoverdel med lange ermer	Paljettoverdel med lange ermer, vinrød
Bluse med blomstertrykk med 3/4 ermer	Bluse med blomstermønster - 3/4 ermer
V-hals lommekjole med blomstertrykk	Blomstertrykket V-halslommekjole
Bluse med uthult med volanger	Uthult bluse med volanger
Boho-kjole med halv erme og trykk	Boho-kjole med halv erme og trykk
Kjole med rutete trykk	Rutete trykk kjole
Blomsterprint elegant panelbluse	Elegant panelbluse med blomsterprint
Paisley-trykt kjole med v-hals	Paisley-trykt kjole med V-hals
Ensfarget langermet skjorte med V-hals	Langermet ensfarget skjorte med V-hals
Paisley Print maxi kjole	Paisley-print maxikjole
Paljettkjole i fargeblokk	Fargeblokk paljettkjole
Ensfarget hettegenser med glidelås	Ensfarget hettegenser med glidelås
Fargerik figur løs kjole	Fargerik figurkjole
Topp med ensfarget og enkel	Ensfarget og enkel Topp
Elegant lang kjole med trykk	Elegant lang kjole med trykk
Casual kjole med V-hals og fargeblokk	Casual kjole V-hals fargeblokk
Kort Ermet Trykket Kjole	Kjole med trykt kort erme
Uformell ensfarget topp med lange ermer med glidelås	Uformell ensfarget topp med lange ermer og glidelås
Teksturert kabelkjole med glidelås	Teksturert kabelkjole med glidelås
Elegant jakkeslag langermet kjole	Elegant langermet kjole med jakkeslag
Sommer Boho skjorte	Sommerboho-skjorte
V-halset topp med elastiske mansjetter	V-hals topp med elastiske mansjetter
Ensfarget genserkjole med høy hals	Ensfarget genserkjole med høy hals
Kortermet skjorte i løs bomull	Løs bomullsskjorte med korte ermer
Kjole med leopardmønster	Leopardmønstret kjole
Topp med løs V-hals og nedsenkede skuldre	Topp med løs V-hals og nedsenkede skuldre
Elegant maxi casual kjole	Elegant Maxi Casual Kjole
Trykt maxikjole med V-hals	Trykt maxikjole med V-hals
Uformell kjole med rund hals og sideknapper	Uformell kjole med rund hals og sideknapper
Daglig Topp med lange ermer	Daglig topp med lange ermer
Lang kjole med rund hals i fargeblokk	Lang kjole med rund hals i fargeblokk
V-halset topp i ensfarget med kortermet lotusblad	V-halset topp i ensfarget med kortermet lotusblad
V-hals ensfarget fritidskjole	Fritidskjole med V-hals, ensfarget
Langermet bluse med denim-effekt	Langermet bluse med denim effekt
Uformell Midi-kjole i ensfarge	Midi-kjole i ensfarge
Langermet bluse med stilig v-hals	Langermet bluse med V-hals
Kjole med prikkete trykk og V-hals	Prikket V-hals kjole
Uformell topp med lange ermer med hjertetrykk	Uformell topp med lange ermer og hjertetrykk
Uformelt trykt kortermet kjole	Kortermet uformell trykt kjole
Ensfarget topp med lange ermer med pilhals	Ensfarget topp med lange ermer og pilhals
Skjorte krage Stripe Print Dress	Stripe Print Dress med skjortekrage
Plissert topp med firkantet hals og lange ermer	Plissert topp med firkantet hals og lange ermer
Kjole med blomstermønster med volanger	Blomstermønstret kjole med volanger
Langermet bluse med stripetrykk	Langermet bluse med stripeprint
Kjole i flerfarget blomsterprint	Flerfarget blomsterprint kjole
Ensfarget topp med v-hals og lange ermer	Ensfarget topp med V-hals og lange ermer
Langermet kjole med leopardtrykk	Langermet kjole - leopardtrykk
Topp med trykk og uregelmessig kant	Trykket topp med uregelmessig kant
Ensfarget bluse med lange ermer	Ensfarget bluse med lange ermer
Skjortekjole med v-hals og korte ermer	V-hals skjortekjole med korte ermer
Fargerik bluse med stående krage	Fargerik bluse med ståkrage
Printet skjortekjole med knapper	Skjortekjole med knapper i print
Ensfarget skjorte med blonder med krage	Ensfarget skjorte med blonder og krage
Stroppeløs kjole i ensfarget	Ensfarget stroppeløs kjole
Langermet skjorte med leopardmønster	Langermet skjorte med leopardmønster
Uformell topp med gradient-trykk og glidelås	Uformell topp med gradert trykk og glidelås
Swingkjole for kvinner maxi lang kjole	Maxi swingkjole for kvinner
Ensfarget bluse med lanternearm	Ensfarget bluse med lanternearm
Cami maxi-kjole med blomstertrykk	Maxi-kjole med blomstertrykk - Cami
Elegant kjole med trykk	Elegant trykk-kjole
Langermet topp med V-hals og blomstermønster	Langermet V-hals topp med blomstermønster
Langermet topp med V-hals og blomstermønster	Blomstermønstret langermet topp med V-hals
Trykt bluse med firkantet hals og blondeermer	Bluse med firkantet hals og blondeermer
Ermeløs kjole med sort trykk	Ermeløs kjole - sort trykk
Elegant bluse med blonder	Elegant bluse med blonder
V-hals kjole i stripet trykk	Stripet V-halskjole
Elegant kjole med V-hals i blomsterprint	Elegant blomsterprint kjole med V-hals
Todelt sett med ensfargede skjortebukser	Ensartet to-delt bukse-sett
Skjortekjole med jakkeslag i kontrast med blomstertrykk	Skjortekjole med kontrastfarget blomstertrykk og jakkeslag
Topp med rund hals og lange ermer	Topp med rund hals og lange ermer
V-hals ermeløs kjole med blomstertrykk	Ermeløs V-hals kjole med blomstertrykk
Langermet motebluse med trykt V-hals	Motebluse med trykt V-hals, langermet
T-skjorte med V-hals og glidelås	T-skjorte med V-hals og glidelås
Skjortekjole i ensfarget	Ensfarget skjortekjole
Kjole med V-hals og korte ermer	Kjole med V-hals og korte ermer
Ensfarget bluse med lange ermer med knapper	Ensfarget bluse - lang erm - med knapper
Kjole med v-hals og lange ermer	V-hals kjole med lange ermer
V-hals rutete langermet skjorte	Rutet langermet skjorte med V-hals
Ensfarget seleselekjole med blonder	Seleselekjole med blonder
Bluse med Paisley-print	Paisley-print bluse
Kjole med ensfarget og v-hals	Ensfarget V-hals kjole
Topp med gradient-trykt og uregelmessig-kant	Gradient-trykt topp med uregelmessig kant
Bluse med ensfarget med langermet	Ensfarget langermet bluse
V-utringet kjole med motetrykk	V-utrigning kjole med motetrykk
V-hals printet kjole med slits	V-hals printet kjole med slits
3/4-ermet løs tunika	3/4-ermet tunika med løs passform
Langermet topp med glidelås	Langermet-topp-glidelås
Ensfarget kjole med puffermer	Ensfarget kjole med puffermer
Klassisk sort kjole med lanterneermer	Sort kjole med lanterneermer
Rutete lang skjorte med løs passform	Rutete lang skjorte - løs passform
En solid hettekjole med knapper	Solid hettekjole med knapper
V-hals bluse i bomull og lin	V-hals bluse i bomull-lin
Kjole med firkantet hals	Firkantet hals kjole
Langermet Bluse med vintage-trykk	Langermet bluse vintage-trykk
Halv-ermet bluse med leopardtrykt	Leopardtrykt halvermet bluse
Ensfarget splitt elegant lang kjole	Ensfarget splittet lang elegant kjole
Langermet bluse med geometrisk trykk	Langermet bluse - geometrisk trykk
Stå krage av midje lang kjole i ensfarget	Lang kjole med ståkrage og ensfarget design
Elegant bluse med blonder med ensfarget	Elegant bluse med ensfarget blonder
Uformell kjole med juletrykk	Uformell juletrykk kjole
Midi-genserkjole for kvinner	Midi genserkjole for kvinner
Ensfarget rombe med langermet topp	Ensfarget rombe med langarmet topp
Lang kjole med V-hals	Lang kjole med V-hals
Ensfarget bluse med rund hals	Rund-hals ensfarget bluse
Topp med rund hals med stripete trykk	Topp med stripet rund hals trykk
Sexy kjole i dyp v-hals	Sexy-kjole med dyp V-hals
Bluse med trykk og v-hals	Trykket v-hals bluse
Lapelkjole i geometrisk trykk	Geometrisk trykk lapelkjole
Langermet topp med v-hals og paisleymønster	Langermet bluse med paiisley-mønster, v-hals
Rund hals blomsterprint kjole	Blomsterprint kjole med rund hals
Kjole i fresht trykk med kortermet	Fresht trykk kjole med korte ermer
Hvit topp i bomull og lin	Hvit bomull- og lin-topp
Topp med trykket V-hals og lange ermer	Topp med V-hals og lange ermer
V-halset maxikjole i trykk med snøring	V-hals maxikjole med trykk og snøring
V-hals kortermet skjorte med blonder	V-hals kortermet skjorte med blonder
Kjole i trykk med 3/4 erme	Trykket kjole med 3/4 erme
V-hals kjole med klokkeerm	V-hals kjole med klokkeermer
Langermet bluse med trykt v-hals	Trykt V-hals langermet bluse
Blonder langermet topp	Blonde, langermet topp
V-hals elegant kjole med blomstertrykk	Elegant kjole med blomstertrykk - V-hals
Uformell kjole i blomsterprint	Uformell blomsterprint kjole
Bluse med lappeteppetrykk for kvinner	Kvinnelig bluse med lappeteppe-mønster
Rundhalset kjole med volanger	Rundhalset kjole med volanger
V-hals kjole med volanger	V-halskjole med volanger
Trykt knelengde ermeløs kjole	Trykt ermeløs kjole i knelengde
3/4-ermet ensfarget skjortekjole	Ensfarget 3/4-ermet skjortekjole
Lang, løs kjole med trykk	Løs, lang kjole med trykk
V-hals Stripe Print Dress	Stripe Print V-hals Kjole
Ensfarget kjole med v-hals, ribbet	Ensfarget kjole med v-hals - ribbet
V-hals Stripe Print Dress	V-hals Stripe Print Kjole
Ensfarget kjole med v-hals, ribbet	Ribbet V-hals enfarget kjole
Leopard langermet kjole	Langermet leopardkjole
Elegant Knelang Kjole Med Jakkeslag	Elegant knelang kjole med jakkeslag
Uformell kjole med blomster-trykk	Uformell kjole med blomstertrykk
Trykt Kjole Med Lange Ermer V-Hals Knelengde	Trykt Kjole med Lange Ermer, V-hals, Knelengde
Langermet rutete fritidskjole	Rutete langermet fritidskjole
V-hals kortermet splittkjole	Kortermet splittkjole med V-hals
Uformell kjole uten erme med V-hals	Uformell kjole med V-hals, ermeløs
Kjole med rosetrykk og slim slip	Rosetrykk kjole, slim slip
Vintage elegant børstet kjole	Vintage elegant børstet kjole
Ermeløs kjole med firkantet hals	Ermeløs kjole med firkantet hals
Ståkrage enkeltspent kjole med lomme	Enkeltspent kjole med lomme – Ståkrage
Blomstret kjole med v-hals	Blomstrede v-hals kjoler
Blondekjole med rund hals i fargeblokk	Blondekjole med rund hals - fargeblokk
Todelt kjole med blomstertrykk	Blomstertrykket todelte kjolen
Løs kjole i ensfarget	Ensfarget løs kjole
Langermet elegant kjole med prikker	Elegant prikket langermet kjole
Kjole med V-hals og blomster	V-hals kjole med blomster
V-hals kjole med fargerikt trykk	V-hals kjole med fargerikt trykk
A-linjekjole med stripete trykk med rund hals	A-linjekjole med stripet trykk rund hals
Komfortabel ensfarget hettefrakk	Ensfarget komfortabel hettefrakk
Ensfarget løs cardigan	Ensfarget cardigan
Ensfarget cardigan med v-hals button-down	Ensfarget cardigan med V-hals og knappelukking
Genser, kontrasterende farger, elegant og romantisk	Genser med kontrasterende farger, elegant og romantisk
Ensfarget genser med lykterem	Ensfarget genser med lykterem
Uformell, langermet hettegenser med trykk Tunika-topp	Uformell langermet hettegenser med trykk, tunika-topp
Ensfarget hettegenser med knapper	Ensfarget hettegenser med knapper
Ensfarget slipsgenser	Ensfarget slipsgenser
Damejakke i plussstørrelse med glidelås og lomme	Plussstørrelse damejakke med glidelås og lomme
Ensfarget langermet frakk med lommer	Ensfarget langermet frakk med lommer
Blondepanelskjorte i ensfarget med halverme	Blondepaneler skjorte - ensfarget med halv erme
Herregenser med kontrastfarger	Herregenser-kontrastfarger
Ensfarget enkel hettegenser	Enkel ensfarget hettegenser
Ensfarget genser med rund hals i siden	Ensfarget genser med rund hals på siden
Ensfarget stativ med glidelås frakk	Stativ med ensfarget glidelåsfrakk
Ribbete ensfarget genser med rund hals	Ensfarget genser med rund hals - ribbet
Ensfarget kåpe og bukse todelt sett	Todelt sett - ensfarget kåpe og bukse
Lapel topp i ensfarget med lange ermer	Ensfarget lapel topp med lange ermer
Høsttrykk hettegenser med glidelås for kvinner	Høsttrykk hettegenser kvinner med glidelås
Sweater med rund hals og langermet	Langermet genser med rund hals
Elegant enkel turtleneck genser	Elegant turtleneck genser
Frakk med pit lapel cropped	Frakk med pelskant og kort lengde
Kvinners uformelle plaidfrakk	Uformell plaidfrakk for kvinner
Patchwork hettegenser med rutete trykk	Patchwork hettegenser med ruter-print
Uformell kjole med blomster og gresstrykk	Uformell blomster- og gresstrykk-kjole
Uformell lang kjole med falne løv-trykk	Lang kjole med falne løvtrykk
Todelt sett med rund hals med blomstertrykk	Rund hals Todelt sett med blomstertrykk
Langermet kjole med diagonal hals	Kjole med diagonalt halterneck
Langkjole for kvinner maxikjole	Maxikjole langkjole kvinner
Kjole med 3/4-ermer med geometrisk trykk	Kjole med geometrisk trykk, 3/4-ermer
Printet kjole med lange ermer	Printet kjole med lange ermer
Uformell langermet kjole med glidelås	Langermet kjole med glidelås
Stilig V-hals kjole med geometrisk mønster	Stilig V-halskjole med geometrisk mønster
Trykt v-hals slitt kjole	Trykt V-hals slitt kjole
Kjole med v-hals i leopard	V-hals kjole i leopard
V nakkefarga samlet halvhylse kjole	V-nakke farget halvhylse kjole
Ermeløs ensfarget knelang kjole	Knelang ensfarget ermeløs kjole
Elegant kjole med leopardprint	Elegant leopardprint kjole
Kortermet kjole med v-hals	Kjole med V-hals, kortermet
T-skjortekjole i ensfarget med kortermet	Ensfarget T-skjortekjole med korte ermer
Color block mote ermeløs kjole	Ermeløs kjole med fargeskjæring
Løs skull Print Maxikjole	Skalleprint Maxikjole
Paljettkjole i fløyelspanel	Paljett-kjole med fløyelspanel
Tanktop-kjole med knapp i stripete trykk	Stripet tanktopkjole med knapp
Skjortekjole med V-hals i stripetrykk	Stripetrykk skjortekjole med V-hals
3/4-ermet kjole med vintageprint	Kjole med vintageprint, 3/4-ermet
Motekjole i ensfarget med lomme	Ensfarget motekjole med lomme
Skiftkjole med langermet skjortekrage	Langermet skjortekrage skiftkjole
Damekjole med v-hals og korte ermer	Damekjole V-hals Korte Ermer
Halv ermet lommekjole	Lomme-halve ermede kjole
Printet kjole med 3/4 erme	Printet kjole med 3/4 erme
Dyp v sexy kjole med trykk	Dyp og sexy kjole med trykk
Kjole med trykk over kneet	Kjole med trykt mønster, over kneet
Løs kjole med blomster- og paisleytrykk	Kjole med blomster- og paisleytrykk
Maxikjole i blomsterprint	Blomsterprint Maxikjole
Amber rosa og oransje kjole	Amber-rosa og oransje kjole
Uformell kjole i trykk med 3/4-ermer	Uformell trykk-kjole med 3/4-ermer
Patchwork-kjole med print i julestil	Patchworkkjole med juletrykk
Ermeløs kjole med blonder i kontrast	Ermeløs kjole - kontrastblonder
Ensfarget elegant kjole med glidelås	Elegant ensfarget kjole med glidelås
Kjole med mystisk mønster	Kjole med mystisk mønster
Kjole med rund hals med geometrisk trykk	Geometrisk trykk kjole med rund hals
Løynefallende V-hals Color Block Print Dress	V-halsfarget blokktrykk kjole
Uformell ermeløs kjole i ensfarget	Ensfarget uformell ermeløs kjole
Skjortekjole med blomstertrykk	Blomstertrykk skjortekjole
Søt A-line fritidskjole med V-hals	Søt A-line kjole med V-hals
Blomstret maxikjole med blondermer	Blomstret maxikjole med blondermer
Langermet v-hals svingkjole	Langermet V-hals Svingkjole
Ensfarget ermeløs blondekjole	Ermeløs ensfarget blondekjole
Langermet ruffle-kjole med rund hals	Rund hals kjole med langermet ruffe
Slipkjole i prikkete trykk	Prikket slipkjole
Langermet genser reisekjole	Langermet genser-reisekjole
Kjole i stripet fargeblokktrykk med lomme	Stripete fargeblokkkjole med lomme
Kortermet denimkjole	Kortermet denimkjole
Kjole med blomstertrykk	Blomstertrykket kjole
Kjole med V-hals med blomstertrykk	Blomstertrykket kjole med V-hals
Kortermet kjole med dalmatisk trykk	Kjole med dalmatisk trykk, kortermet
Kjole i prikkete trykk med korte ermer	Prikket kjole med korte ermer
Kjole med volangermer og V-hals	Volangermekjole med V-hals
V-hals kjole med striper	V-hals kjole med striper
Skjortekjole med splitt	Splittet skjortekjole
V-hals løs kjole med leopard trykt	Løs leopard trykt V-hals kjole
Ensfarget casual hettekjole	Ensfarget casual hettekjole
Kjole med blondekrage med fargeblokk	Kjole med fargeblokk og blondekrage
Elegant kjole med V-hals og lange ermer	Elegant kjole med V-hals og lange ermer
Løs kjole med trykt v-hals	Løs kjole med trykket V-hals
Boho feriekjole med fargerikt trykk med V-hals	Boho feriekjole med fargerikt trykk og V-hals
Kjole med tie-dye-trykk	Tie-dye kjole
Ensfarget 3/4-ermet splittkjole	Ensfarget 3/4-erm splittkjole
A-line kjole med blomstertrykk	A-linje kjole med blomstertrykk
Stilig elegant kjole med blomstertrykk	Stilig elegant kjole med blomstermotiv
3/4-ermet kjole med blomstertrykk	3/4-ermet kjole med blomstertrykk
V-hals elegant kjole i ensfarget	Ensfarget V-halskjole
Elegant 3/4-ermet midikjole	Elegant 3/4-ermet midikjole
Kjole med kvadratisk krage i bomull og lin	Bomull og lin kjole med kvadratisk krage
Kortermet kjole med bladtrykk	Kort ermkjole med bladtrykk
Uformell kjole i blomsterprint med korte ermer	Uformell kjole med blomsterprint og korte ermer
Lang kjole med v-hals og korte ermer	Lang kjole med V-hals og korte ermer
Kjole med 3/4 ermer med trykk	Trykket kjole med 3/4-ermer
Ensfarget kjole med glidelås og splitt	Ensfarget kjole med glidelås og splitt
Uformell kjole med v-hals med geometrisk trykk	Uformell kjole med geometrisk trykk og v-hals
Langermet kjole	Langermet-kjole
Vintage kjole med V-hals	Vintage kjole med V-hals
Kjole med fargeblokktrykk med 3/4 ermer	Fargeblokktrykk kjole med 3/4 ermer
Langermet midikjole med rutete patchwork	Rutete patchwork langermet midikjole
Ensfarget kjole med trompeterm med V-hals	Ensfarget kjole med V-hals og trompetermer
Blondekjole med blomstertrykk	Blomstertrykket blondekjole
Burgunder paljettkjole med 3/4-ermer	Burgunder paljettkjole med 3/4-ermer
Sort kjole med lange ermer	Sort kjole med lange ermer
Lang kjole i batikktrykk med lange ermer	Lang kjole i batikktrykk med lange ermer
Elegant kjole med halve ermer med tryk	Elegant kjole med trykk, halve ermer
Ermeløs kjole med blomstertrykk	Ermeløs kjole med blomstertrykk
Slim kjole med rosetrykk	Slim kjole med rosettrykk
Fargerik leopardkjole	Leopardkjole - Fargerik
V-hals topp og ermeløs kjolesett	V-hals topp og ermeløs kjolesett
Sommerkjole med lommer	Sommerkjole med lommer
Nydelig lommekjole med blomstertrykk	Lommekjole med blomstertrykk
Kneppet kjole med lange ermer og lomme	Kjole med lange ermer og lomme
Langermet Trykt Kjole	Trykt Langermet Kjole
Kjole med 3/4-ermer	Kjole med 3/4-ermer
Ensfarget Halter Slit Dress	Ensfarget Halter Slitkjole
Knelang kjole med sort trykk	Knelang sort trykk kjole
Maxikjole med rosetrykk	Maxikjole med rose-trykk
Elegant kjole med korte ermer	Elegant-kjole-korte-ermer
Midjeskjørt i ensfarget	Ensfarget midjeskjørt
Kjole i motetrykk med halv erme	Motetrykk Kjole med halv erme
Kort ermet kjole i blomster- og leopardtrykk	Kortermet blomster- og leopardtrykk kjole
V-hals kjole med blondepanel	V-hals kjole med blondepanel
Ensfarget midikjole	Ensfarget-midikjole
Ensfarget iøynefallende maxikjole	Ensfarget, iøynefallende maxikjole
V-hals kjole i motetrykk med 3/4 erme	V-hals kjole i motetrykk med 3/4 erme
Leopardtrykk fritidskjole	Leopardtrykk fritidskjole
Casual kjole i A-linje med trykk	Casual kjole i A-linje med trykk
Skjortekjole med trykk	Trykket skjortekjole
V-hals kjole med lange ermer	V-hals kjole med lange ermer
Ensfarget Dobbel-Lomme Kjole med Knapper	Ensfarget Dobbel-Lomme Kjole med Knapper
Kjole med puffermer med trykk	Kjole med trykk, puffermer
Langermet kjole med splitt V-hals	Langermet kjole med splitt og V-hals
Kjole i leopardmønster med to-lommer	Leopardmønstret kjole med to lommer
V-hals kjole med geometrisk trykk	V-hals kjole med geometrisk trykk
Uformell kjole med tie dye print	Uformell tie dye kjole
Ermeløs tankkjole i ensfarget	Ensfarget ermelsøs tankkjole
Langermet kjole med geometrisk trykk	Langermet kjole med geometrisk trykk
Elegant kjole med v-hals	Elegant kjole med V-hals
Skjortekjole med bokstavtrykk	Skjortekjole med bokstavtrykk
Trendy blondekjole med lomme	Trendy lommeblondekjole
Knelengde kjole med halve ermer	Kjole med halve ermer, lengde til kneet
Enkel høstfarge midikjole med lange ermer	Enkel midikjole med lange ermer i høstfarger
Stripete kjole med rund hals	Stripet-kjole, rund hals
Kjole med blomstertrykk med 3/4-ermer	Blomstertrykk-kjole med 3/4-ermer
Ensfarget kjole med kulehals	Ensfarget kjole med kul hals
Skiftkjole med rutete slag	Rutet skiftkjole med slag
Ensfarget kjole med korte ermer	Ensfarget kjole - korte ermer
Elegant kjole med prikker	Elegant prikkete kjole
Ensfarget kjole med rund hals og lange ermer	Ensfarget kjole med rund hals og lange ermer
Maxikjole med rund hals	Maxikjole med rund hals
Skiftskjole med korte ermer	Skjorte-skjole med korte ermer
Kortermet blondekjole	Kort erm blondekjole
Ermeløs kjole med volanger	Ermeløs kjole med volanger
Asymmetrisk midikjole med rund hals	Asymmetrisk midikjole med rund hals
Uformell ensfarget midi kjole	Uformell ensfarget midi-kjole
Utskåret kjole i ensfarget	Ensfarget Utskåret Kjole
Genserkjole med V-nakke	Genser-kjole med V-hals
Ermeløs trykt splitkjole	Trykt ermeløs splitkjole
Blomstertrykt feriekjole med korte ermer	Blomstertrykt feriekjole - korte ermer
Blomsterprint kjole med 3/4 ermer	Blomsterprint kjole med 3/4 ermer
Rund nakke fargeblokkkjole	Rund nakke fargeblokk-kjole
Kjole med vintage print	Vintage-print kjole
Blomsterprint v-hals lommekjole	Blomsterprint V-hals lomme-kjole
Trykt strandkjole	Trykt-strandkjole
Elegant, ribbet kjole med lange ermer	Elegant ribbet kjole med lange ermer
Ensfarget denimkjole	Ensfarget denimkjole
Langermet plissert A-linje kjole med fargeblokkert tegntrykk	Langermet plissert A-linje kjole med fargeblokkert trykk
V-hals kjole med firkantet trykk	V-hals kjole med firkantet trykk
Ensfarget kjole med blondermer	Ensfarget kjole med blonder
Elegant kjole med splittermer i ensfarget	Elegant én-farget kjole med splittermer
Ensfarget langermet enkel kjole	Ensfarget langermet enkel kjole
Ensfarget kjole med v-hals	Ensfarget V-hals kjole
Sweatshirtkjole med rund hals i kontrasttrykk	Kontrasttrykket sweatshirtkjole med rund hals
Ensfarget kjole med rund hals og korte ermer	Ensfarget kjole med rund hals og korte ermer
V-hals kjole med motetrykk	V-hals kjole med mønstertykk
Rundhalset kjole i leopardfargeblokk	Leopardfargeblokk, rundhalset kjole
Elegant kjole med vintagetrykk	Elegant kjole med vintage trykk
V-hals kjole med 3/4 erme	V-hals kjole m/ 3/4 erme
Kjole med blonde med V-hals med ensfarget	Kjole med blonde og V-hals
Kjole i båthals med klokkeerm	Klokkeerm Kjole i Båthals
Kjole med blomsterprint med blondermer	Blomsterprint kjole med blondermer
Ermeløs blondekjole med V-hals	Ermeløs blondekjole med V-hals
V-hals avslappet kjole med trykk	Avslappet V-hals kjole med trykk
Ensfarget kjole i bomullslin	Ensfarget bomullslinskjole
Kjole med rund hals i stripet trykk	Stripet kjole med rund hals
Gradient utskrift Todelt sett	Gradient-trykk To-delt sett
Ballongermet kjole med blomstret-design	Blomstrete ballongermet kjole
Stripet kjole med V-hals	Stripet Kjole V-Hals
Fargeblokk kjole med glidelås	Fargeblokk-kjole med glidelås
Løs kjole i etnisk trykk	Etnisk trykk løs kjole
Hul fritidskjole i ensfarget	Ensfarget hul fritidskjole
Langermet topp med rund hals og katt-mønster	Langermet topp med rund hals og kattmønster
Kortermet kjole med sommerfugltrykk	Kjole med sommerfugltrykk - kortermet
Sort ensfarget ermeløs kjole	Ermeløs sort kjole
V-hals kjole med halve ermer	Kjole med V-hals og halve ermer
Ensfarget kortermet kjole med rund hals	Kortermet kjole med rund hals - Ensfarget
Todelt sett med elegant trykk	Elegant to-delt trykksett
V-hals ermeløs blomsterkjole	Ermeløs V-hals blomsterkjole
Langermet kjole i fargeblokktrykk	Langermet kjole fargeblokktrykk
Solid skjortekjole med knapp og lomme	Solid skjorte-kjole med knapp og lomme
Trykt ermeløs kjole med løs passform	Ermeløs kjole med trykk og løs passform
Knelang kjole med leopard mønster	Knelang kjole med leopardmønster
Elegant blondekjole	Elegant-blond-kjole
Maxikjole med firkantet hals og trykk	Maxikjole med firkantet hals og trykk
Ensfarget patchworkkjole	Patchworkkjole, ensfarget
Uformelt kjole med firkantet hals med knapper	Uformell kjole med firkantet hals og knapper
Ensfarget langermet kjole med knapp og belte	Langermet kjole med knapp, belte
Color block-kjole med leopardprint	Fargerik kjole med leopardmønster
Kjoleermet kjole med flerfarget trykk	Flerfarget trykk kjole med kjoleermer
A-Line ermeløs kjole med lommer	Ermeløs A-linje kjole med lommer
Halvermet lang kjole med v-hals	Lang kjole med halv erm og v-hals
Ensfarget asymmetrisk faldkjole	Faldkjole - enfarget og asymmetrisk
Rundhalset kjole med pufferme	Kjole med rund hals og puffermer
Halv-ermet kjole med v-hals	Halvermet kjole med V-hals
Uformell kjole med rund hals og trykk	Uformell kjole - rund hals, trykk
Maxi ensfarget fritidskjole	Ensfarget maxikjole til fritid
V-hals leopardtrykt kjole	Leopardtrykt V-hals kjole
V-hals bølgetrykt Kjole	V-hals bølgetrykt Kjole
V-hals vri foran kjole	V-hals vri-foran kjole
Kjole med rund hals i ensfarget	Ensfarget kjole med rund hals
Skjorte vertikal kjole	Vertikal skjortekjole
Kjole med blomsterprint og v-hals	Blomsterprint kjole med v-hals
V-hals kjole med trykk	V-halskjole med trykk
Løs v-hals høy midje kjole i ensfarget	Ensfarget kjole med V-hals, høy midje
Ermeløs kjole med fargeblokktrykk	Ermeløs kjole med fargeblokktrykk
Løs ensfarget kjole	Ensfarget kjole
Boho tankkjole med geometrisk trykk	Boho tankkjole - geometrisk trykk
Julekjole med vinglass	Julekjole med vinglass
Komfortabel kjole med v-hals i trykk	Komfortabel v-hals kjole med trykk
V-hals kjole med blonder	Blonde V-hals kjole
Maxikjole med prikker	Maxikjole med prikker
V-hals slitt kjole med trykk	V-hals kjole med trykk
Hvit kjole med blått blomstertrykk	Hvit kjole med blått blomstertrykk
Stripete skjortekjole med lange ermer	Langermet stripete skjortekjole
Ensfarget halvermet elegant kjole	Halvmetallisk ensfarget elegant kjole
Kjole med rund hals og casual	Casual kjole med rund hals
V-hals kortermet kjole med trykk	V-hals kjole med trykk, kortermet
Kjole med ni-punkts ermer med geometrisk trykk	Kjole med geometrisk trykk, ni-punkts ermer
V-hals feriekjole i med blondeblomster	Feriekjole med blondelomster, V-hals
Ensfarget midikjole med korte ermer	Ensfarget midikjole, korte ermer
V-hals Paisley Print kjole	Paisleymønstret V-hals kjole
Trykket v-hals maxi kjole	Trykket V-hals Maxi-kjole
Blomsterprint halsutringning Blonderermed kjole	Blomsterprint-kjole med halsutringning og blondererede ermer
V-hals kjole i ensfarget med halve ermer	Ensartet V-hals kjole med halve ermer
Hette med kabelstruktur	Kabelstrukturert hette
Elegant løs kjole	Elegant-løs kjole
Puffermet ensfarget kjole med rund hals	Ensfarget puffermet kjole med rund hals
Solid puffermet kjole med v-hals	Solid puffermet kjole med V-hals
Ensfarget ermeløs midikjole	Ensfarget ermeløs midikjole
Kjole med rund hals med trykt	Trykt kjole med rund hals
Rutete langermet kjole	Rutet langermet kjole
Faux denim kjole	Falsk denim kjole
Løs uformelt kjole med kortermet	Løs, uformell kjole med korte ermer
Kortermet kjole med V-hals og blonde	Blondekjole med V-hals og kort erm
Ermeløs kjole med V-hals print	Ermeløs kjole med V-hals-print
Kjole med lange ermer og V-hals	Kjole med lange ermer og V-hals
Rundhalset kjole med blomstertrykk	Blomstertrykket rundhalset kjole
Ermeløs maxikjole med V-hals i geometrisk trykk	Ermeløs maxikjole med geometrisk trykk, V-hals
Løs knelang kjole i blomsterprint	Blomsterprint Knelang Kjole
Kjole med volange ermer og v-hals	Kjole med volang-ermer og V-hals
Langermet kjole med blomstermønster	Langermet kjole - blomstermønster
Kortermet kjole med blonder med trykk	Kort kjole med trykk og blonder
Uformell kjole uten ermer med V-hals	Uformell ermeløs V-hals kjole
Kortermet kjole med fjær og blomstertrykk	Kortermet kjole med fjær og blomstertrykk
Enkel ensfarget langermet kjole	Enkel, ensfarget langermet kjole
Fløyel løs kjole	Fløyelløs kjole
Kjole med blomstertrykk med korte blondermer	Blomstertrykk kjole med korte blondermer
Cami-kjole med blomstertrykk	Cami-kjole med blomstertrykk
Blomstertrykk Kald skulder Kjole	Kjole - Blomstertrykk Kald skulder
Løs 3/4-ermet kjole	3/4-ermet kjole
Leaves Print Ermeløs kjole	Kjole med bladmønster, ermelløs
Slipkjole med trykk	Slipkjole med trykk
Paisley-trykk Tank kjole	Paisley-trykk Tankkjole
V-hals kjole i leopardmønster	Leopardmønstret V-halskjole
Uformell blomstergrønn kjole	Uformell blomstergrønn kjole
Ensfarget langermet skjorte	Langermet ensfarget skjorte
Kjole med halvermet mote med trykk	Halvermet motekjole med trykk
Ermeløs kjole med v-hals i trykk	Ermeløs V-hals kjole med trykk
V-hals sidespaltekjole i blomstertrykk	Blomstertrykk V-hals kjole med sidespalte
Langermet kjole med stripete trykk	Langermet kjole med stripete trykk
Vintage kjole med trykt	Vintage-kjole med trykk
Elegant ensfarget kjole med rund hals	Elegant ensfarget kjole med rund hals
Halv-ermet kjole med blomstertrykk	Halvermet kjole med blomstertrykk
V-hals kjole i hjerteprint med lange ermer	V-hals kjole med hjerteprint, lange ermer
Blondekjole i ensfarget med lomme	Blondekjole - ensfarget med lomme
V-hals kjole med splittlomme	V-hals kjole med splittlomme
Løs kjole med print	Kjole med print
Skjortekjole med ensfarget med langermet	Ensfarget langermet skjortekjole
Ermeløs kjole med rund hals	Ermeløs kjole med rund hals
Kjole med V-hals og trykk	V-hals kjole med trykk
Rundhalset kjole i blomsterprint med korte ermer	Kjole med korte ermer og rund hals i blomsterprint
Kortermet kjole med rund hals	Kjole med rund hals, korte ermer
Løs avslappet kjole i stripete trykk	Avslappet stripete kjole
Langermet Velvet Maxi-kjole med paljetter	Langermet Velvet Maxikjole med paljetter
Ermeløs kjole med V-hals og trykk	Ermeløs kjole med V-hals og trykk
Camisole kjole i ensfarget med lomme	Ensfarget camisole kjole med lomme
Høst vinter langermet løs buet kjole	Langermet vinterkjole - Høst/vinter
Elegant kjole med V-hals i blomster	Elegant blomsterkjole med V-hals
Kortermet kjole med stripete trykk	Kortermet kjole med stripete trykk
Langermet kjole med blomstertrykk	Langermet-kjole-blomstertrykk
Uformell kjole med trykk	Uformell-kjole-trykk
Kortermet kjole med ansiktstrykk	Kjole med trykk, kortermet
Kjole med V-hals og rynket	V-hals kjole med rynker
Slyngekjole todelt sett med trykk	Slyngekjole - Todelt sett trykk
Midi klänning med snöflinga tryck	Midi-klänning med snöflingetrykk
Hjertehalsning Langermet kjole	Langermet kjole med hjertemotiv
V-hals kjole i trykk med volangerm	V-hals kjole med trykk og volangerm
Elegantkjole med knapp med ensfarget	Elegant kjole med ensfarget knapp
Elegant chiffon todelt kjole	Elegant chiffon todelt kjole
Lang kjole med løs print	Lang kjole med løst print
Uformell løs ensfarget kjole	Ensfarget uformell kjole
V-hals kjole med stripete trykk	V-hals kjole med stripet trykk
Elegant midikjole med trykk	Elegant trykk-midikjole
Plissert kjole med V-hals	Plissert kjole med V-hals
Elegant kjole med lange ermer	Elegant kjole med lange ermer
Løs kjole med rund hals	Rund hals løs kjole
V-hals gradient kjole	Gradient V-hals kjole
V-hals trykt A-linje kjole	Trykt V-hals A-linje kjole
Lang kjole med V-hals i trykk med korte ermer	Lang kjole V-hals trykk korte ermer
Slipkjole med blomstertrykk	Slipkjole med blomstertrykk
V-hals kjole i trykk med frynser	Kjole med V-hals og frynser i trykk
Maxikjole med blomstertrykk	Maxikjole med blomstertrykk
V-hals prikkete kjole	Prikkete V-hals kjole
Elegante kjoler med V-hals	Elegante V-hals kjoler
Langermet kjole med prikketrykk	Langermet kjole med prikketrykk
Floral kjole med firkantet hals	Blomstre kjole med kvadratisk hals
V-hals kjole med blomstertrykk	V-hals kjole med blomstertrykk
Ensfarget langermet lang kjole i skjorte-design	Ensfarget langermet langkjole i skjortedesign
V-hals kjole i ensfarget med volanger	Ensfarget V-hals kjole med volanger
Maxikjole med rød trykk	Rød Maxikjole med trykk
Fargerik V-hals kjole i Stripe Print	Fargerik V-hals kjole i Stripe Print
Ensfarget ballongermet kjole	Ensfarget ballongermet kjole
Slank mote kjole med v-hals i trykk	Slank mote-kjole med V-hals i trykk
3/4-ermet kjole med v-hals	3/4-ermet kjole med V-hals
Kjole med slits foran i trykk med korte ermer	Kjole med slits foran - trykk - korte ermer
V-hals kjole med bladtrykk	V-hals kjole med bladtrykk
Uformelt asymmetrisk kjole med korte ermer	Uformell asymmetrisk kjole med korte ermer
Kjole i ensfarget med lomme og kort erme	Ensfarget kjole med lomme og kort erme
Elegant kjole med V-hals og mesh-ermer	Elegant kjole med V-hals og mesh-ermer
Printet splitkjole med v-hals	Splitkjole med V-hals
Trykt langermet lommekjole	Lommekjole med trykt mønster og lange ermer
Bomulls linkjole med puffhylser	Bomullsjakke med puffhylser
V-hals 3/4-ermet kjole	3/4-ermet V-hals kjole
Solid hettekjole med lomme	Solid hettekjole med lomme
Langermet kjole med v-hals	Langermet kjole med V-hals
Kjole med V-hals med geometrisk trykk	Kjole med V-hals og geometrisk trykk
Lang kjole i ensfarget med lomme og kort erme	Lang kjole i ensfarget med lomme og kort erme
Grønn blomsterkjole for kvinner	Grønn blomsterkjole for kvinner
Ermeløs maxikjole med trykt lomme	Ermeløs maxi-kjole med trykket lomme
Ensfarget kjole med v-hals blonder	Kjole med ensfarget v-hals og blonder
Rynket kjole med solid farge	Rynket kjole - Solid farge
Elegant kjole med fjærtrykk	Elegant kjole med fjærtrykk
Kjole med trykk med kortermet v-hals	Kjole med trykk, kortermet V-hals
V-hals langermet kjole	V-hals langermet kjole
Fargerik kortermet V-hals kjole	Fargerik kort V-hals kjole
Kjole med v-hals og halve ermer	Kjole med V-hals og halve ermer
Knelang kjole med lanterneermer	Knelang kjole med lanterneermer
Ensfarget kortermet kjole i bomull og lin	Kort ermeløs kjole i ensfarget bomull og lin
Elegant kjole med paisley-trykk i flere farger	Elegant kjole med paisleytrykk i flere farger
V-hals kjole i ensfarget	V-hals kjole - ensfarget
Elegant maxikjole med V-hals	Elegant maxikjole med V-hals
Boho Geometric Print 3/4-ermet kjole	Boho Geometrisk Print 3/4-ermet Kjole
En linjekjole i blomstertrykk med kort erme	Blomstertrykket linjekjole med kort erm
Tankkjole med rund hals i blomsterprint	Tankkjole-rund-hals-blomsterprint
Slyngekjole i kontrasttrykk	Slyngekjole kontrasttrykk
Elegant blomstret kortermet kjole med blonder	Elegant kortermet kjole med blomstermønster og blonder
Khakitrykt kjole med lange ermer	Khaki trykt kjole med lange ermer
Ensfarget kjole med knapper	Ensfarget kjole med knapper
V-hals A-linje blomsterkjole	V-hals A-linje blomsterkjole
Kjole med blomster-trykk	Blomstertrykk kjole
Ensfarget skjortekjole i bomull	Ensfarget skjortekjole av bomull
Ermeløs kjole i ensfarget bomullslin	Ensfarget ermeløs bomullslin kjole
V-hals vintage kjole med geometrisk trykk	Vintage V-hals kjole med geometrisk trykk
En linjekjole i Paisley-trykk	Linjekjole med Paisley-trykk
Elegant ensfarvet kjole	Elegant ensfarget kjole
Kjole med trykk	Trykket kjole
Midikjole med rund hals og volanger	Midikjole - Rund hals, volanger
Kjole med Ombre blomstertrykk	Kjole med Ombre blomstertrykk
Ensfarget skjortekjole	Ensfarget skjortekjole
Ensfarget maxi kjole	Maxi kjole - Ensfarget
Tankkjole i blomsterprint med knapp	Blomsterprint tankkjole med knapp
Midikjole med rund hals och blomstertrykk	Midikjole med rund hals og blomstertrykk
V-hals kjole med lange ermer og rutete trykk	V-halskjole med lange ermer og rutemønster
3/4-ermet kjole med løst trykk	3/4-ermet kjole med trykk
Trykt kjole med revers og lange ermer	Trykt kjole med revers og lange ermer
Elegant kort kjole i motetrykk	Kort, elegant kjole i motetrykk
Skjortekjole med V-hals og 3/4-ermer	Skjortekjole V-hals 3/4-ermer
Ensfarget hul kjole med firkantet krage	Ensfarget hul-kjole med firkantet krage
Kjole med blomstermønster med rund hals	Blomstermønster-kjole med rund hals
Fritidskjole med blomstertrykk med firkantet hals	Blomstertrykket fritidskjole med firkantet hals
Elegant kjole i trykk med halverme	Elegant trykket kjole med halv erme
Løs leopardkjole	Leopardkjole
V-hals kjole med volangermer	V-hals kjole med volangermer
Ensfarget uformelt løs kjole med Høy hals	Uformell ensfarget kjole med høy hals
Løs kjole med trykk og V-hals	Løs kjole med trykk og V-hals
Plissert underkjole med lomme	Plissert underkjole med lomme
Brun blomsterkjole	Brun blomster-kjole
3/4-ermet løs kjole med blomstertrykk	Løs kjole med blomstertrykk, 3/4-ermer
Gorgeous print kjole med puffermer	Nydelig print-kjole med puffermer
Kjole i blomsterprint med lomme	Blomsterprint kjole med lomme
Kjole i blomsterprint med lomme	Blomsterprint kjole med lomme
Rund hals mote print kjole	Mote print rund hals kjole
V-hals, knelang feriekjole	V-hals feriekjole, knelang
Ståkrage med rutete print	Ståkrage med rutemønster
Maxikjole med gradienttrykk	Maxikjole med gradienttrykk
Chiffongkjole med volang	Chiffongkjole med volang
Trykt kjole med rund hals Casual Dress	Trykt rund hals kjole Casual Dress
Blomstret V-hals kjole med halve ermer	Blomstret V-hals kjole med halv erme
Langermet kjole med V-hals og trykk	Langermet V-hals kjole med trykk
Løs hul blonde kjole	Blondekjole med åpent mønster
Boho kjole med V-hals med trykt	Boho kjole med V-hals - trykt
Blomstret elegant kjole med V-hals	Elegant blomstermønstret kjole med V-hals
Langermet kjole med rutete trykk	Rutet langermet kjole
Elegant kjole med lanterneermer og v-hals	Elegant kjole med lanterneermer og V-hals
Ensfarget kjole i bomullslin med v-hals	Ensfarget bomullslinskjole med V-hals
Kjole uten erme	Ermeløs kjole
Kjole med rund hals i leopardmønster	Leopardmønstret kjole med rund hals
Resortkjole i solid med lomme	Solid resortkjole med lomme
Kortermet motekjole med trykk	Motekjole med trykk, kortermet
Blonderermet kjole med blomstertrykk	Blomstret kjole med blondeermer
Elegant ensfarget kjole	Elegant-ensfarget-kjole
Maxikjole med trekvart ermer	Maxikjole med 3/4 ermer
Julekjole med elgtrykk	Julekjole-elgtrykk
Ensfarget, rundhalset fritidskjole	Ensfarget rundhalset fritidskjole
Kortermet kjole med blomstertrykk	Kort kjole med blomstertrykk
V-hals blå kjole med blomstertrykk	Blå kjole med blomstertrykk og V-hals
Tankkjole med splitt foran i trykk	Splittet tankkjole med trykk foran
Ensfarget kjole med rund hals	Ensfarget kjole med rund hals
Løs kjole med V-hals	Løs kjole med V-hals
Kjole i blomsterprint med korte ermer	Blomsterprint kjole med korte ermer
Elegant rynket knelang kjole	Elegant knelang kjole med rynker
Ensfarget kjole med glidelåslomme	Ensfarget kjole med glidelåslomme
Blomstret kjole med puffermer	Blomstret kjole med puffermer
V-hals kjole med prikker	V-hals kjole med prikker
Ensfarget Midi Kjole i Bomull og Lin	Midi kjole i ensfarget bomull og lin
V-halset midikjole	V-halset midikjole
Uformell v-hals kjole i hjerteprint med korte ermer	V-hals kjole i hjerteprint med korte ermer
Ensfarget løs kjole i bomull og lin	Ensfarget-løs-kjole i bomull og lin
V-hals maxi kjole i ensfarget	Ensfarget V-hals maxi-kjole
Kortärmad klänning med v-ringning	Klänning med kort erm og v-hals
Kjole med langermet med mesh med hjertetrykt	Langermet kjole med hjertetrykk og mesh
Maxi kjole med V-hals i trykk	Maxi kjole med V-hals trykk
Enkel langermet kjole med glidelås	Enkel langermet kjole med glidelås
Ensfarget skjørt med belte og bue	Ensfarget skjørt med belte og bue
Pulloverkjole med fargerik trykk	Fargerik trykk-pulloverkjole
Uregelmessig løs kjole med rund hals	Løs kjole med rund hals
Elegant kjole med blonder	Elegant kjole med blonder
Midi kjole med kortermet med grafiske med lommer	Midi-kjole med korte ermer, grafisk mønster og lommer
V-hals motekjole med trykk	Motekjole med trykk og V-hals
Ensfarget kjole med tre kvart ermer med rund hals	Ensfarget kjole med 3/4-ermer og rund hals
Dame A Line Dress Maxi lang kjole	Dame A-line Maxi Lang Kjole
Todelt sett med blomstertrykk	Blomstertrykk - Todelt sett
Langermet ensfarget kjole	Ensfarget langermet kjole
Familiematchende antrekk i blomstertrykk	Familiematchende blomstertrykk antrekk
Løs skjortekjole med halve ermer	Løs skjortekjole med halve ermer
Skjortekjole med krusningstrykk	Krusningstrykk skjortekjole
Ermeløs feriekjole i gradienttrykk	Feriekjole i gradienttrykk uten ermer
Løs lang kjole med V-hals	Lang V-hals kjole
Kjole med rund hals med sløyfe	Kjole med rund hals og sløyfe
Kjole med dyp v-hals i trykk	Kjole med dyp V-hals i trykk
Ensfarget elegant kjole med splitt	Elegant ensfarget kjole med splitt
Skiftkjole med rund hals i geometrisk trykk	Rund hals Skiftkjole med geometrisk trykk
Elegant klänning med skärp	Elegant klänning med skärp
Ensfarget sort festkjole	Sort festkjole - ensfarget
Ensfarget elegant skjortekjole	Ensfarget elegant skjorte-kjole
Broderi kortermet kjole	Kortermet broderikjole
Ensfarget blondekjole	Ensfarget-blond-kjole
Langermet kjole med Boho-trykk	Langermet kjole med boho-trykk
Kjole med ensfarget med langermet	Langermet ensfarget kjole
Blomsterprint kjole med korte ermer	Blomsterprint kjole - Kortermet
Ensfarget kjole med rund hals og lommer	Ensfarget kjole med rund hals og lommer
Kjole med blonder med V-hals med ryggløs	V-hals kjole med blonder og ryggløs
Shift Dress uten erme	Uten erme Shift Dress
Løs kjole med jule rutete trykk	Julerutete kjole
Stripet løs fritidskjole	Løs fritidskjole med striper
Lang kjole med A-linjet trykk og V-hals	Lang kjole med A-linje trykk og V-hals
Puffermet kjole med v-hals	V-hals pufferkjole
Ermeløs maxikjole med abstrakt trykk	Ermeløs maxikjole - abstrakt trykk
Rynket omslagskjole med snøring	Rynket omslagskjole med snøring
Trykt kjole	Trykket kjole
Ensfarget langermet kjole med v-hals	Langermet kjole med V-hals - Ensfarget
Kjole med langermet og houndstooth -mønster	Langermet kjole med hundetannsmønster
Blondekjole med rund hals	Blondekjole med rund hals
V-hals løs kjole	V-hals kjole
Ermeløs kjole med V-hals	Ermeløs kjole med V-hals
Printd v-hals maxi kjole	Printet v-hals maxi kjole
Kjole med blomstertrykk med volanger	Kjole med blomstertrykk og volanger
Blomstertrykk vintagekjole med rund hals og halve ermer	Blomstertrykk vintagekjole - rund hals - halve ermer
Kjole med blomstertrykk med volanger	Blomstertrykk kjole med volanger
Ensfarget lang hettegenser	Lang ensfarget hettegenser
Hollow Out Cold Shoulder Kjole	Kjole med hulmønster og utskårne skuldre
Ensfarget enkel kjole med knapper	Enkel kjole med knapper, ensfarget
Plissert kjole med blondermer	Plissert kjole med blondermer
Sjekk lapel langermet skjortekjole	Lapermet skjortekjole med lange ermer
Brodert tankkjole med v-hals	Brodert tankkjole med V-hals
Kjole med v-hals i leopard	Leopardkjole med V-hals
Elegant kjole med leopardprint	Elegant kjole med leopardprint
Kontrast kjole med lommer og lange ermer	Kontrastkjole med lommer og lange ermer
Langermet kjole i retro stil	Retro stil langermet kjole
Kortermet t-skjorte med rund hals	Kortermet t-skjorte med rund hals
Lang kjole med vintage geometrisk trykk	Lang kjole - vintage geometrisk trykk
Kjole med rund hals	Rund hals kjole
Ermeløs kjole i motetrykk med belte	Ermeløs kjole med motetrykk og belte
Elegant ermeløs kjole i ensfarget	Elegant ermeløs ensfarget kjole
Enkel kjole i ensfarget	Enkel ensfarget kjole
Ermeløs solkjole med rund hals	Ermeløs solkjole med rund hals
Rynket kjole med rund hals	Rynket kjole med rund hals
Kjole med rund hals med blomstertrykk	Blomstertrykket kjole med rund hals
V-hals Blader Skrive ut Kjole	V-hals Blader Skrive ut Kjole
Uformell kjole i fargeblokk og leopardprint	Uformell kjole i fargeblokk og leopardprint
Behagelig kjole i blomsterprint	Behagelig kjole med blomsterprint
A-Line ermeløs kjole i solid farge	Ermeløs A-Line kjole, solid farge
Spaltekjole med blomstertrykk	Spalte-kjole med blomstertrykk
Elegant kjole med print	Elegant kjole med print
Kjoler med romantiske blomster	Kjoler - Romantiske blomster
V-hals motekjole i trykk med kortermet	Motekjole med trykk, kortermet, V-hals
Elegant kortermet kjole med rund hals	Elegant kortermet kjole - rund hals
Kjole med uregelmessig kant med lomme	Uregelmessig kant kjole med lomme
Cottagecore-kjole med blomstertrykk	Cottagecore-kjole med blomstermønster
Stilig ensfarget kjole med lommer	Stilig ensfarget kjole med lommer
Midikjole i ensfarget med halve ermer	Ensringet midi-kjole med halve ermer
Allsidig kjole med paljetter	Kjole med paljetter
Printet kjole med rund hals	Printet kjole - rund hals
V-hals kjole med 3/4 ermer	V-hals kjole med 3/4 ermer
Kortermet kjole med blomstermønster	Blomstermønstret kortermet kjole
Midi-kjole med 3/4 ermer	Midi-kjole 3/4 ermer
Kjole med ensfarget med knapp	Ensfarget kjole med knapp
Ensfarget festkjole for kvinner	Festkjole for kvinner - ensfarget
Kortermet kjole i geometrisk trykk	Kortermet kjole med geometrisk trykk
Ermeløs kjole med halterneck	Ermeløs halterneck kjole
Slipkjole med stripete trykk	Slipkjole med stripete trykk
Uformelt skjørt med trykt mønster	Uformelt skjørt med mønster
Løs kjole i leopardprint	Leopardprint kjole
Trykt sommerkjole med V-hals	Trykket sommerkjole med V-hals
Kortermet kjole med blonder med blomstertrykk	Kjole med kort erm, blonder og blomstertrykk
Turtleneck langermet kjole	Langermet Turtleneck Kjole
Uformell ensfarget kjole med v-hals	Uformell ensfarget kjole med V-hals
3/4-ermet kjole med tryk	3/4-ermet kjole med trykk
Hvit blondekjole med V-hals	Hvit blondekjole med V-hals
Kjole med trykk og V-hals	Kjole med trykk og V-hals
Langermet Uformelt Kjole med Lommer	Langermet uformell kjole med lommer
Casual V-hals kjole	Casual V-hals kjole
Knytkjole i blomsterprint med korte ermer	Knytkjole med blomsterprint, korte ermer
Patchwork, ribbet kjole med lange ermer	Patchwork-kjole med ribbet, lange ermer
Rund hals uformell kjole med lommer	Uformell kjole med rund hals og lommer
V-halset tankkjole med trykk	V-halset tankkjole med trykk
Løs ensfarget kjole med firkantet hals	Ensfarget kjole med firkantet hals
Halvermet kjole med blomstertrykk	Halvmet kjole med blomstermotiv
Ensfarget kjole med hul v-hals	Ensfarget kjole med hull, V-hals
Kjole med korte ermer i blomstermønster	Kjole med korte ermer - Blomstermønster
Langermet kjole med rund hals og knapp	Langermet kjole med rund hals og knapp
V-hals Boho kjole med blomstertrykk	V-hals Boho kjole – blomstertrykk
Langermet kjole med leopardmønster	Langermet-kjole-leopardmønster
Langermet kjole med turtleneck print	Langermet kjole med turtleneck-trykk
Printet kjole med v-hals	Printet kjole med V-hals
V-hals festkjole med mesh-ermer	Festkjole med V-hals og mesh-ermer
Plissert kjole med rund hals i korte ermer	Plissert kjole med rund hals, korte ermer
Mote v-hals kjole i fargeblokk	Fargeblokk v-hals kjole
Swing v-hals kjole i trykk	Trykket swingkjole med v-hals
V-hals ermeløs kjole med leopardmønster	Ermeløs V-halskjole med leopardmønster
Ensfarget kjole	Ensfarget-kjole
Figursydd kjole i blomsterprint med kortermet	Figursydd kjole med blomsterprint, kortermet
Printet kjole med halterneck	Printet kjole med halterneck
Elegant blomsterkjole	Elegant-blomsterkjole
Trykt kjole med rund hals	Trykt kjole med rund hals
V-hals knapp Stripe Print Panel Kne-lengde kjole	V-hals knapp Stripe Print Panel Knelengde kjole
Kjole med blomstertrykk med lommer	Kjole med blomstertrykk lommer
Kle i litt blomstertrykk med lomme	Kle i blomstertrykk med lomme
Kjole med v-hals og blomsterprint	Blomsterprint kjole med v-hals
Kortermet bluse med splitt hals	Kortermet bluse med splitt hals
V-hals kjole med Trykt	Kjole med Trykt V-hals
Solid hettegenserkjole	Solid hettegenser-kjole
V-hals kjole med blondermer	V-hals-kjole med blondermer
Minikjole med V-hals i trykk	Minikjole med V-hals - Trykk
Blondekjole med ermeløs	Ermeløs blondekjole
Kjole med knapp med halterneck	Halterneck kjole med knapp
V-hals blomsterkjole i lange ermer	V-hals blomsterkjole med lange ermer
Elegant festkjole med blondermer	Elegant festkjole med blondermer
Vinrød paljettkjole med lange ermer	Vinrød paljettkjole med lange ermer
Blomstret kjole med lommer	Blomstrete kjole med lommer
Fargerik rutete skjorte med lange ermer	Rutete skjorte med farger, lange ermer
Stripete bluse med korte ermer	Stripet bluse, korte ermer
Lang kjole med blonder i ensfarget spaghetti-rem	Spagettirem ensfarget lang kjole med blonder
Rett kjole med rund hals	Kjole med rund hals
Vintage kjole med rund hals	Vintage kjole med rund hals
Langermet topp med rutete	Rutete langermet topp
Topp med glidelås og kontrasterende farger	Glidelåstopp med kontrastfarger
Maxikjole med geometrisk trykk	Geometrisk trykk Maxikjole
Ensfarget topp med blonder	Ensfarget topp med blonder
Elegant Fargeblokk-kjole	Elegant Fargeblokk-kjole
Fargerik skjortekjole med rutete print	Fargerik skjortekjole med rutemønster
3/4-ermet lappetopp med blomstertrykk	3/4 erme lappetopp med blomstertrykk
Bluse med fjær-trykk	Bluse med fjærtrykk
Tankkjole med blomsterprint og v-hals	Tankkjole med blomsterprint og V-hals
Topp med V-hals og fargeblokk	Topp med V-hals og fargeblokk
Ensfarget topp med rund hals	Ensfarget topp – rund hals
Varm topp for kvinner	Varmt kvinnelig topper
Langermet langermet kjole med rutete paneler	Langermet kjole med rutete paneler
T-skjorte med blomstertrykk med volanger	T-skjorte med blomstertrykk og volanger
Skiftkjole med blomstertrykk	Blomstermønstret skiftkjole
Ensfarget casual topp med jakkeslag	Ensfarget casual topp med jakkeslag
Ensfarget bluse med rynket stativ	Ensfarget bluse med rynket stativ
Solid genser med halv glidelås	Solid genser med halv glidelås
Midikjole med trykt A-linje	Trykt A-linje Midikjole
Uformell bluse med trykk med korte ermer	Uformell bluse trykk korte ermer
Langermet trykt bluse med blonder	Langermet trykt bluse med blonder
Casual kjole med glidelås	Casual kjole med glidelås
Panelbluse med v-hals	Panelbluse med v-hals
Langermet kjole i leopardmønster	Leopardmønstret langermet kjole
Utskrift av blader Kortermet kjole	Bladutskrift Kortermet kjole
Vanlig bluse med V-hals	Vanlig V-hals bluse
V-hals floral plissert bluse med korte ermer	V-hals plissert bluse med korte ermer, floral
Topp med V-hals med langermet med blonder floral	Langermet floral topp med V-hals og blonder
Langermet kjole i pastoral stil med v-hals i trykk	Pastorale stil langermet kjole med V-hals i trykk
Ensfarget skjorte med kortermet knapp	Ensfarget kortermet skjorte med knapp
Topp med V-hals stripeprint	Topp med V-hals og stripeprint
Asymmetrisk Hem Rund Hals Kjole	Asymmetrisk Hem - Rund Hals Kjole
V-hals ermeløs kjole i blomsterprint	Ermeløs kjole i blomsterprint, V-hals
Lilla paljett langermet bluse	Langermet bluse med lilla paljetter
Ensfarget hverdagskjole med revers	Ensfarget hverdagskjole med revers
V-hals rutete topp	Rutete V-hals topp
Blousebluse med rund hals	Blusebluse med rund hals
Løs kjole med retromønster	Retrokjole med mønster - Løstsittende
U-hals ermeløs kjole med lomme	Ermeløs U-hals kjole med lomme
Ensfarget blonder med lange ermer avslappet topp	Ensfarget topp med blonder, lange ermer
Topp med U-hals og blonder	Topp med U-hals og blonder
V-hals solid blonde langermet topp	Langermet V-hals topp i blond farge
Ermeløs kjole med prikketrykk	Prikketrykket ermelsøs kjole
V-hals plissert kjole med klokkeermer	V-hals plissert kjole med klokkeermer
Kjole med v-hals motetrykk	V-hals kjole med motetrykk
Uformell ensfarget bluse med knapper	Bluse med knapper - Uformell ensfarget
Elegant tynn skjortekjole i krusningsmønster	Elegant tynn skjortekjole i krusningsmønster
V-hals print feriekjoler	V-hals print feriekjoler
Skjorte med trykk med lange ermer og knapp	Trykt skjorte med lange ermer og knapper
Plissert ensfarget kjole	ensfarget plissert kjole
Topp med elegante folder	Elegant topp med folder
V-hals ensfarget kortermet bluse	Kortermet ensfarget V-hals bluse
V-halset Leopard Print kjole	Leopard Print V-halset kjole
Ensfarget kjole med soppkrage	Ensfarget kjole med soppkrage
Langermet blondetopp med sommerfugltrykk	Blondetopp med sommerfugltrykk - Langermet
Ensfarget lappetopp med firkantet hals	Ensfarget lappetopp med firkantet hals
Langermet topp med V-hals og trykk	V-hals langermet topp med trykk
Kjole i leopardmønster med lange ermer	Leopardmønstret kjole med lange ermer
Langermet topp med paisley-trykk	Langermet topp med paisleytrykk
Lapel motekjole med trykk	Lapel-motekjole trykk
Stripete skjortekjole med belte	Skjortekjole med belte - Stripete
Uformell kjole med hettegenser	Uformell kjole med hettegenser
Elegant bluse i blomsterprint med korte ermer	Elegant blomsterprint bluse med korte ermer
Ensfargede topper med utskjæringer	Ensfargede topper med utskjæringer
Lys rosa genser med stativkrage og glidelås	Lys-rosa genser med stativkrage og glidelås
Langermet løs kjole med v-hals	Løs kjole med v-hals og lange ermer
Ternet fritidsskjorte med V-hals	Ternet fritidsskjorte, V-hals
Uformell v-hals kortermet kjole med trykk	Uformell V-hals Kortermet Kjole med Trykk
Panelkledd kjole med lange ermer	Panelkledd kjole med lange ermer
Puffermet elegant bluse i ensfarget	Elegant ensfarget puffermet bluse
Langermet topp med V-hals	Langermet-topp-med-V-hals
Maxikjole med trykk og V-hals	Trykket Maxikjole med V-hals
V-hals trykk fjær langermet topp	V-hals trykk fjær langermet topp
Kortermet kjole med rund hals i trykk	Trykket kortermet kjole med rund hals
Langermet kjole med geometrisk trykk med v-hals	Langermet kjole med geometrisk trykk og v-hals
Bluse med knapp foran med ruller	Knappet Bluse med Ruller
Blouse med kortermet V-hals	Kortermet V-hals Blouse
Elegant kjole med V-hals i trykk	Elegant V-hals trykk-kjole
Chiffonskjorte med polka-prikket med kortermet	Polkaprikket kortermet chiffonskjorte
Uformell løs A-line kjole	Uformell A-linje kjole
Uformell løs kjole med trykk	Uformell løs kjole med trykk
Uformell bluse med asymmetrisk krage	Uformell bluse med asymmetrisk krage
V-hals kjole med gradient print	V-hals kjole med gradientmønster
Bluse med stikksøm med splitt hals	Bluse med splitt hals og stikksøm
Leopard trykk løs kjole	Løs kjole med leopardtrykk
Ensfarget topp med turtleneck	Ensfarget topp med høy hals 
Uformell kjole med fargerik trykk	Uformell kjole med fargerikt trykk
V-hals kortermet bluse med knapper	V-hals kortermet bluse-knapper
Elegant kjole med halve ermer med trykk	Elegant kjole med halv ermer - trykk
Lapelkjole i motemønstertrykk	Moteriktig lapelkjole med mønstertrykk
Patchworkkjole med blomstertrykk	Patchwork-kjole med blomstertrykk
Topp med plaid med knapper	Topp med knappeplaid
Elegant topp med sommerfugltrykk	Elegant topp med sommerfugltrykk
Topp med V-hals og lange ermer	Top - V-hals, lange ermer
Elegant kjole i geometrisk trykk	Elegant kjole med geometrisk trykk
Maxikjole med V-hals og trykk	Maxikjole-V-hals-trykk
Elegant kjole med motetrykk	Elegant kjole med motetrykk
Langermet rutete skjorte	Rutet langermet skjorte
Langermet topp med knapper ned	Langermet topp med nedknapping
Casual topp med V-hals og trykk	Casual topp med V-hals og trykk
3/4-ermet motekjole med v-hals i trykk	3/4-ermet motekjole m/ v-hals i trykk
Ensfarget hul V-hals langermet topp	Ensfarget hul V-hals langermet topp
Ermeløs kjole med trykk med v-hals	Ermeløs kjole med trykk og V-hals
Elegant v nakke kort ermet kjole	Elegant kortermet kjole med V-hals i nakken
Blondebluse med solid farge	Blondebluse-solid-farge
Ensfarget topp med V-hals	Ensfarget V-hals topp
Kjole med rund hals i trykk	Rundhalset kjole med trykk
V-halset leopardkjole	Leopardkjole med V-hals
Blomstret bluse med V-hals og korte ermer	Blomstret bluse - V-hals, korte ermer
Halfsleeve topp med blomstertrykk	Blomstertrykk halvermet topp
Prikkete jakkeslagsskjorte med 3/4-ermer	Prikkete jakkeslagsskjorte med 3/4-ermer
Uformell lommekjole med rutete trykk	Uformell-lommekjole med rutete trykk
Ensfarget topp med rund hals og lange ermer	Ensfarget topp med rund hals, lange ermer
Ensfarget bluse med lanterne erme	Ensfarget bluse med lanterneerme
Kjole i julestil med snømanntrykk	Julestil kjole med snømanntrykk
V-hals bluse med engelsk blonde	V-halsbluse med engelsk blond
V-hals kjole med bokstavtrykk	V-hals kjole med bokstavtrykk
Stilig kjole med trykk med 3/4-ermer	Stilig kjole med trykk, 3/4 ermer
Kvinner uformell kjole med glidelås	Uformell kjole for kvinner med glidelås
Løs topp med geometrisk trykk	Geometrisk trykk løs topp
Motetrykk lommekjole	Lommekjole med motetrykk
Todelt med bluse og sorte blonder	Todelt bluse med sorte blonder
Skjortekjole med stripetrykk	Skjorte-kjole med stripe-trykk
Flerfarget bluse med panelknapper	Flerfarget bluse med panelknapper
Elegant topp med V-hals	Elegant V-hals topp
Ensfarget kort kjole i mesh	Ensfarget kort-kjole i mesh
Ensfarget Button Shift-kjole	Ensfarget Button Shift kjole
3/4 erme rutete patchwork topp	Patchwork topp med 3/4 ermer
Plaid kjole med V-nakke	Plaid kjole med V-hals
Ensfarget topp med 3/4 ermer	Ensfarget topp med 3/4 ermer
Spaltekjole med diamanttrykk	Spalte-kjole med diamant-trykk
Langermet bluse med samlet V-hals	Langermet bluse med V-hals
Oransje trykt topp	Oransje trykket topp
Uformell kjole med flerfarget	Flerfarget uformell kjole
Kortermet kjole i leopardmønster	Kort kjole i leopardmønster
V-hals pullover topp i ensfarget farge	Ensfarget V-hals pullover topp
Topp med dolmanermer med blondekrage	Dolmanermet topp med blondekrage
Ensfarget skjorte med glidelås	Ensfarget skjorte med glidelås
Kjole med firkantet hals og halverm	Firkantet hals og halvlange ermer kjole
Lappeteppe trykt uformell kjole	Uformell lappeteppe-trykk kjole
Blonde v-hals bluse i ensfarget med kortermet	Blonde V-hals bluse, ensfarget, kortermet
Slipkjole med gradienttrykk	Gradienttrykk slipkjole
Printet Kjole Med Volang Løs	Volangløs Printet Kjole
V-hals kjole med fargeblokktrykk	V-hals kjole med fargeblokktrykk
Rund halsfargeblokk topp	Top kontorfargeblokk rund hals
V-hals plissert løs topp	V-hals plissert løs topp
3/4-ermet Bluse med Tie Dye Trykt	Tie Dye Trykt 3/4-ermet Bluse
Elegant lang kjole med V-hals	Lang elegante kjole med V-hals
V-hals avslappet kjole med blomstertrykk	Avslappet kjole med blomstertrykk, V-hals
Topp med firkantet hals med blondermer	Topp med firkantet hals og blondermer
Elegant langermet topp	Elegant-langermet-topp
Elegant bluse med V-hals	Elegant V-hals bluse
V-hals printet uformelt lang kjole	Lang uformell kjole med V-hals og trykk
Rund hals rutete fritidskjole	Rutete fritidskjole med rund hals
3/4-ermet topp med v-hals	V-hals 3/4-ermet topp
V-hals bluse i ensfarget med kort erme	V-hals bluse i ensfarget, kort erm
Topp med retro og etnisk stil	Retro og etnisk stil Topp
V-hals, halvermet elegant kjole	Elegant kjole med V-hals, halv ermet
Elegant topp med blomstertrykk	Elegant blomstertrykk topp
Skjortekjole med prikker	Prikket skjortekjole
Ensfargede langermede topper	Ensfargede langermede topper
Grønn elegant halskjole (belte ikke inkludert)	Grønn elegant halskjole - belte ikke inkludert
V-hals ermeløs kjole	Ermeløs V-halskjole
Ensfarget langermet fritidskjole	Langermet ensfarget fritidskjole
Langermede topper i lag	Langermede topper-i-lag
Uformell bluse med lang erme	Uformell bluse med langt erme
Topp med 3/4-ermer og blomsterprint	Topp med blomsterprint og 3/4-ermer
U-hals bluse med trykk med blondepaneler	U-hals bluse med trykk og blondepaneler
Uformell kjole med geometrisk trykk	Geometrisk trykk uformell kjole
Gradient langermet topp	Gradient langermet topp
Elegant kjole med rund hals med blomstertrykk	Elegant kjole med blomstertrykk, rund hals
Rutete mellomlang skjorte med lange ermer	Mellomlang rutete skjorte med lange ermer
Kortermet topp med V-hals	Kortermet Topp med V-Hals
Langermet skjorte med jakkeslag	Langermet skjorte med jakkeslag
Elegant lappekjole med blondermer	Lappetekjole med elegant blondedetalj
Ensfarget topp med lange ermer med rund hals	Ensfarget topp med lange ermer og rund hals
Ermeløs kjole med ansiktstrykk	Ansiktsmønstret ermeløs kjole
Topp med blonder med åpen skulder med langermet	Topp med blonder, åpen skulder og langermer
Kortermet bluse med rutete trykk med knapp	Rutete knappet kortermet bluse
Stilig elegant ermeløs kjole med trykk	Stilig, elegant ermeløs kjole med trykk
Elegant Kjole Med Houndstooth	Elegant Kjole med Houndstooth
Stripet kjole med rund hals	Rundhalset stripet kjole
Ensfarget topp med rund hals	Ensfarget topp med rund hals
Elegant kjole med geometrisk trykk	Elegant kjole med geometrisk trykk
Langermet Bluser med blonder i solid farge	Langermet Bluse m/blonde, solid farge
Langermet blonde topp med rund hals	Langermet blonde topp med rund hals
Print Flare Sleeve Maxikjole	Maxikjole med trykk og flared ermer
Lange ermet topp med rund hals og rose-trykk	Lange ermet topp med rund hals og rosetrykk
Ensfarget kjole med jakkekrage	Ensfarget kjole med jakke-krage
Ensfarget topp med firkantet krage	Ensfarget topp med firkantet krage
Firkantet topp med lanterneermer	Firkantet topp med lanterne-ermer
Enkel lomme med lang ermet topp	Enkel lommetopp med langt erme
Leopard-trykk tilfeldig motekjole	Leopardtrykk motekjole
Romantisk midjekjole med prikkete trykk	Romantisk midje-kjole med prikker
Rød plissert kjole med V-hals	Rød plissert kjole med V-hals
Patchwork Topper Retro Mote	Retro Patchwork Topper
Ensfarget kortermet skjorte med lommer	Ensfarget kortermet skjorte med lommer
Patchwork Topper Retro Mote	Patchwork Topper Retro
Ensfarget kortermet skjorte med lommer	Ensfarget kortermet skjorte med lommer
